{"stats":{"minecraft:crafted":{"minecraft:white_bed":1,"minecraft:oak_planks":16,"minecraft:crafting_table":1,"minecraft:stick":4,"minecraft:wooden_pickaxe":1,"minecraft:wooden_axe":1},"minecraft:custom":{"minecraft:time_since_rest":25243,"minecraft:play_time":25243,"minecraft:sprint_one_cm":11330,"minecraft:walk_one_cm":27684,"minecraft:sneak_time":34,"minecraft:walk_under_water_one_cm":855,"minecraft:mob_kills":3,"minecraft:jump":139,"minecraft:damage_dealt":240,"minecraft:walk_on_water_one_cm":777,"minecraft:leave_game":4,"minecraft:time_since_death":25243,"minecraft:total_world_time":25243,"minecraft:swim_one_cm":1998,"minecraft:interact_with_crafting_table":3,"minecraft:fall_one_cm":4412,"minecraft:fly_one_cm":33897,"minecraft:horse_one_cm":3773},"minecraft:used":{"minecraft:wooden_axe":7,"minecraft:dirt":1,"minecraft:crafting_table":2},"minecraft:mined":{"minecraft:grass":2,"minecraft:grass_block":1,"minecraft:oak_log":4,"minecraft:crafting_table":2},"minecraft:killed":{"minecraft:sheep":3},"minecraft:picked_up":{"minecraft:crafting_table":2,"minecraft:oak_log":4,"minecraft:dirt":1,"minecraft:mutton":5,"minecraft:white_wool":3}},"DataVersion":3578}