{"stats":{"minecraft:crafted":{"minecraft:cooked_beef":2,"minecraft:wooden_sword":3,"minecraft:oak_planks":272,"minecraft:oak_sign":3,"minecraft:crafting_table":1,"minecraft:wooden_pickaxe":2,"minecraft:furnace":1,"minecraft:birch_planks":48,"minecraft:oak_boat":1,"minecraft:stick":8,"minecraft:wooden_axe":3,"minecraft:stone_sword":1,"minecraft:chest":1,"minecraft:white_bed":1,"minecraft:birch_door":3},"minecraft:custom":{"minecraft:interact_with_furnace":3,"minecraft:mob_kills":15,"minecraft:interact_with_crafting_table":29,"minecraft:leave_game":1,"minecraft:time_since_death":89774,"minecraft:sleep_in_bed":5,"minecraft:climb_one_cm":990,"minecraft:time_since_rest":15261,"minecraft:sprint_one_cm":300761,"minecraft:damage_taken":275,"minecraft:walk_one_cm":288664,"minecraft:drop":25,"minecraft:damage_dealt":1601,"minecraft:fly_one_cm":25540,"minecraft:open_chest":10,"minecraft:crouch_one_cm":283,"minecraft:play_time":89774,"minecraft:sneak_time":395,"minecraft:walk_under_water_one_cm":303,"minecraft:jump":412,"minecraft:walk_on_water_one_cm":3089,"minecraft:total_world_time":89774,"minecraft:fall_one_cm":2993},"minecraft:used":{"minecraft:birch_planks":44,"minecraft:oak_planks":79,"minecraft:oak_sign":1,"minecraft:chest":1,"minecraft:wooden_pickaxe":51,"minecraft:dirt":37,"minecraft:mutton":4,"minecraft:crafting_table":4,"minecraft:white_bed":2,"minecraft:birch_door":6,"minecraft:wooden_axe":192,"minecraft:apple":3,"minecraft:chicken":1,"minecraft:wooden_sword":123,"minecraft:beef":5,"minecraft:furnace":1,"minecraft:porkchop":14},"minecraft:dropped":{"minecraft:wheat_seeds":9,"minecraft:birch_sapling":3,"minecraft:rotten_flesh":1,"minecraft:azure_bluet":1,"minecraft:white_bed":1,"minecraft:dirt":1,"minecraft:cornflower":1,"minecraft:wooden_axe":1,"minecraft:oak_sapling":12,"minecraft:wooden_sword":2},"minecraft:mined":{"minecraft:white_bed":1,"minecraft:dandelion":1,"minecraft:crafting_table":3,"minecraft:cornflower":1,"minecraft:grass_block":46,"minecraft:tall_grass":1,"minecraft:oak_planks":6,"minecraft:diorite":8,"minecraft:birch_planks":4,"minecraft:birch_log":26,"minecraft:birch_leaves":2,"minecraft:birch_door":4,"minecraft:azure_bluet":1,"minecraft:grass":54,"minecraft:oak_log":89,"minecraft:dirt":16,"minecraft:bamboo":7,"minecraft:stone":32,"minecraft:oak_leaves":12},"minecraft:killed":{"minecraft:pig":7,"mca:male_zombie_villager":1,"minecraft:sheep":2,"minecraft:chicken":1,"minecraft:cow":4},"minecraft:broken":{"minecraft:wooden_axe":1},"minecraft:picked_up":{"minecraft:birch_log":26,"minecraft:birch_door":4,"minecraft:crafting_table":3,"minecraft:feather":2,"minecraft:azure_bluet":1,"minecraft:chicken":1,"minecraft:leather":4,"minecraft:birch_planks":4,"minecraft:oak_log":85,"minecraft:cornflower":1,"minecraft:dirt":62,"minecraft:bone":4,"minecraft:apple":3,"minecraft:wheat_seeds":9,"minecraft:beef":7,"minecraft:bamboo":40,"minecraft:birch_sapling":3,"minecraft:oak_planks":6,"minecraft:stick":13,"minecraft:porkchop":14,"minecraft:diorite":8,"minecraft:white_bed":2,"minecraft:rotten_flesh":1,"minecraft:arrow":2,"minecraft:oak_sapling":12,"minecraft:mutton":4,"minecraft:white_wool":4,"minecraft:cobblestone":32}},"DataVersion":3578}