{"stats":{"minecraft:mined":{"minecraft:oak_slab":8,"minecraft:white_bed":1,"minecraft:dandelion":5,"minecraft:oak_fence":21,"minecraft:cornflower":1,"minecraft:crafting_table":3,"minecraft:torch":1,"minecraft:granite":32,"minecraft:grass_block":204,"minecraft:chest":1,"minecraft:copper_ore":10,"minecraft:tall_grass":2,"minecraft:oak_planks":10,"minecraft:oxeye_daisy":1,"minecraft:diorite":20,"minecraft:birch_planks":4,"minecraft:iron_ore":5,"minecraft:birch_log":38,"minecraft:wheat":3,"minecraft:birch_leaves":3,"minecraft:andesite":44,"minecraft:birch_door":4,"minecraft:azure_bluet":1,"minecraft:grass":623,"minecraft:coal_ore":22,"minecraft:oak_log":89,"minecraft:oak_fence_gate":4,"minecraft:gravel":17,"minecraft:dirt":55,"minecraft:bamboo":7,"minecraft:stone":222,"minecraft:oak_leaves":37},"minecraft:custom":{"minecraft:interact_with_furnace":20,"minecraft:mob_kills":34,"minecraft:animals_bred":16,"minecraft:interact_with_crafting_table":67,"minecraft:leave_game":3,"minecraft:time_since_death":254191,"minecraft:sleep_in_bed":17,"minecraft:climb_one_cm":990,"minecraft:time_since_rest":12154,"minecraft:sprint_one_cm":623316,"minecraft:damage_taken":428,"minecraft:walk_one_cm":967183,"minecraft:drop":33,"minecraft:damage_dealt":3292,"minecraft:talked_to_villager":1,"minecraft:fly_one_cm":48577,"minecraft:open_chest":90,"minecraft:crouch_one_cm":283,"minecraft:play_time":254191,"minecraft:sneak_time":416,"minecraft:walk_under_water_one_cm":3685,"minecraft:jump":932,"minecraft:walk_on_water_one_cm":8155,"minecraft:total_world_time":254191,"minecraft:fall_one_cm":9439},"minecraft:picked_up":{"minecraft:birch_log":41,"minecraft:iron_chestplate":1,"minecraft:crafting_table":3,"minecraft:birch_door":4,"minecraft:feather":6,"minecraft:azure_bluet":1,"minecraft:chicken":7,"minecraft:andesite":44,"minecraft:leather":8,"minecraft:lead":6,"minecraft:birch_planks":4,"minecraft:flint":3,"minecraft:oak_log":85,"minecraft:cornflower":1,"minecraft:dirt":282,"minecraft:raw_copper":32,"minecraft:wooden_sword":2,"minecraft:bone":4,"minecraft:apple":3,"minecraft:wheat_seeds":85,"minecraft:beef":11,"minecraft:oak_fence_gate":4,"minecraft:bamboo":40,"minecraft:chest":1,"minecraft:birch_sapling":8,"minecraft:oak_planks":10,"minecraft:iron_boots":1,"minecraft:egg":49,"minecraft:oak_slab":9,"minecraft:stick":17,"minecraft:raw_iron":5,"minecraft:oak_fence":21,"minecraft:torch":1,"minecraft:dandelion":5,"minecraft:gravel":14,"minecraft:porkchop":15,"minecraft:diorite":19,"minecraft:white_bed":2,"minecraft:arrow":4,"minecraft:rotten_flesh":2,"minecraft:granite":32,"minecraft:oak_sapling":13,"minecraft:mutton":7,"minecraft:coal":22,"minecraft:white_wool":7,"minecraft:cobblestone":221,"minecraft:oxeye_daisy":1},"minecraft:used":{"minecraft:stone_sword":61,"minecraft:birch_planks":44,"minecraft:lead":2,"minecraft:stone_pickaxe":362,"minecraft:oak_planks":79,"minecraft:oak_sign":1,"minecraft:chest":6,"minecraft:wooden_pickaxe":51,"minecraft:cooked_chicken":3,"minecraft:stone_hoe":119,"minecraft:oak_door":1,"minecraft:torch":29,"minecraft:dirt":213,"minecraft:mutton":4,"minecraft:oak_slab":69,"minecraft:crafting_table":6,"minecraft:white_bed":2,"minecraft:oak_fence_gate":12,"minecraft:birch_door":7,"minecraft:wooden_axe":203,"minecraft:apple":3,"minecraft:chicken":1,"minecraft:wooden_sword":171,"minecraft:beef":5,"minecraft:cooked_porkchop":1,"minecraft:furnace":1,"minecraft:porkchop":14,"minecraft:bucket":3,"minecraft:egg":49,"minecraft:cooked_beef":4,"minecraft:water_bucket":3,"minecraft:oak_fence":68,"minecraft:wheat_seeds":29},"minecraft:broken":{"minecraft:stone_pickaxe":2,"minecraft:wooden_sword":1,"minecraft:wooden_axe":2},"minecraft:killed":{"minecraft:pig":8,"mca:male_zombie_villager":1,"minecraft:wandering_trader":1,"minecraft:skeleton":1,"minecraft:sheep":5,"minecraft:trader_llama":2,"minecraft:zombie":1,"minecraft:chicken":9,"minecraft:cow":6},"minecraft:dropped":{"minecraft:wheat_seeds":9,"minecraft:birch_sapling":3,"minecraft:rotten_flesh":2,"minecraft:azure_bluet":1,"minecraft:white_bed":1,"minecraft:oxeye_daisy":1,"minecraft:dirt":1,"minecraft:cornflower":1,"minecraft:wooden_axe":1,"minecraft:oak_sapling":13,"minecraft:wooden_sword":4,"minecraft:dandelion":3},"minecraft:crafted":{"minecraft:cooked_beef":4,"minecraft:wooden_sword":3,"minecraft:oak_door":3,"minecraft:oak_slab":60,"minecraft:oak_planks":340,"minecraft:oak_sign":3,"minecraft:birch_wood":6,"minecraft:cooked_porkchop":1,"minecraft:crafting_table":3,"minecraft:wooden_pickaxe":2,"minecraft:cooked_chicken":3,"minecraft:furnace":1,"minecraft:copper_ingot":3,"minecraft:bucket":1,"minecraft:birch_planks":48,"minecraft:oak_fence_gate":8,"minecraft:oak_boat":1,"minecraft:charcoal":6,"minecraft:stick":92,"minecraft:iron_ingot":5,"minecraft:stone_pickaxe":4,"minecraft:wooden_axe":5,"minecraft:stone_sword":1,"minecraft:chest":5,"minecraft:white_bed":1,"minecraft:birch_door":3,"minecraft:torch":28,"minecraft:stone_hoe":1,"minecraft:oak_fence":57}},"DataVersion":3578}