{"stats":{"minecraft:custom":{"minecraft:interact_with_furnace":13,"minecraft:mob_kills":8,"minecraft:interact_with_crafting_table":15,"minecraft:leave_game":5,"minecraft:time_since_death":46591,"minecraft:time_since_rest":46591,"minecraft:sprint_one_cm":28225,"minecraft:damage_taken":75,"minecraft:walk_one_cm":73939,"minecraft:damage_dealt":1060,"minecraft:fly_one_cm":56295,"minecraft:crouch_one_cm":69172,"minecraft:play_time":46591,"minecraft:sneak_time":17181,"minecraft:jump":406,"minecraft:walk_on_water_one_cm":65,"minecraft:total_world_time":46591,"minecraft:fall_one_cm":8713},"minecraft:broken":{"minecraft:stone_pickaxe":4,"minecraft:wooden_shovel":1,"minecraft:iron_pickaxe":1},"minecraft:used":{"minecraft:cooked_mutton":3,"minecraft:diorite":103,"minecraft:stone_shovel":46,"minecraft:stone_pickaxe":531,"minecraft:oak_planks":5,"minecraft:wooden_pickaxe":4,"minecraft:wooden_shovel":60,"minecraft:iron_chestplate":1,"minecraft:torch":63,"minecraft:dirt":51,"minecraft:crafting_table":8,"minecraft:wooden_axe":36,"minecraft:apple":1,"minecraft:iron_pickaxe":284,"minecraft:stone_axe":3,"minecraft:cobblestone":84,"minecraft:furnace":3,"minecraft:andesite":20,"minecraft:egg":1,"minecraft:iron_leggings":1},"minecraft:killed":{"minecraft:sheep":6,"minecraft:zombie":1,"minecraft:enderman":1},"minecraft:mined":{"minecraft:crafting_table":5,"minecraft:granite":1,"minecraft:grass_block":28,"minecraft:tall_grass":2,"minecraft:copper_ore":30,"minecraft:cobblestone":9,"minecraft:oak_planks":5,"minecraft:diorite":103,"minecraft:wall_torch":16,"minecraft:furnace":1,"minecraft:iron_ore":33,"minecraft:andesite":48,"minecraft:grass":33,"minecraft:pointed_dripstone":11,"minecraft:coal_ore":18,"minecraft:oak_log":17,"minecraft:dripstone_block":61,"minecraft:dirt":83,"minecraft:stone":493,"minecraft:gold_ore":1,"minecraft:oak_leaves":31,"minecraft:fern":23},"minecraft:crafted":{"minecraft:dripstone_block":3,"minecraft:oak_planks":40,"minecraft:wooden_shovel":1,"minecraft:stone_shovel":1,"minecraft:crafting_table":3,"minecraft:wooden_pickaxe":1,"minecraft:furnace":2,"minecraft:stone_axe":1,"minecraft:cooked_mutton":9,"minecraft:air":0,"minecraft:iron_chestplate":1,"minecraft:charcoal":1,"minecraft:stick":32,"minecraft:iron_ingot":32,"minecraft:iron_pickaxe":2,"minecraft:stone_pickaxe":4,"minecraft:wooden_axe":1,"minecraft:iron_leggings":1,"minecraft:torch":44},"minecraft:picked_up":{"minecraft:crafting_table":5,"minecraft:andesite":48,"minecraft:oak_log":17,"minecraft:dirt":112,"minecraft:raw_copper":110,"minecraft:apple":1,"minecraft:wheat_seeds":5,"minecraft:raw_gold":1,"minecraft:oak_planks":5,"minecraft:egg":1,"minecraft:furnace":1,"minecraft:stick":4,"minecraft:raw_iron":33,"minecraft:torch":19,"minecraft:dripstone_block":59,"minecraft:pointed_dripstone":15,"minecraft:diorite":103,"minecraft:granite":1,"minecraft:gray_wool":1,"minecraft:oak_sapling":8,"minecraft:mutton":9,"minecraft:coal":18,"minecraft:white_wool":5,"minecraft:cobblestone":500,"minecraft:ender_pearl":1}},"DataVersion":3578}