{"stats":{"minecraft:broken":{"minecraft:iron_shovel":9,"minecraft:wooden_shovel":1,"minecraft:stone_pickaxe":6,"minecraft:stone_axe":1,"minecraft:iron_pickaxe":6,"minecraft:stone_shovel":1},"minecraft:crafted":{"minecraft:oak_planks":92,"minecraft:oak_sign":15,"minecraft:stone_shovel":1,"minecraft:furnace":7,"minecraft:cobblestone_stairs":256,"minecraft:bone_meal":9,"minecraft:cooked_mutton":9,"minecraft:scaffolding":24,"minecraft:iron_boots":1,"minecraft:iron_axe":1,"minecraft:stone_pickaxe":6,"minecraft:chest":2,"minecraft:diamond_boots":1,"minecraft:cobbled_deepslate_stairs":308,"minecraft:cooked_beef":22,"minecraft:dripstone_block":5,"minecraft:item_frame":1,"minecraft:wooden_shovel":1,"minecraft:crafting_table":9,"minecraft:glow_item_frame":1,"minecraft:wooden_pickaxe":2,"minecraft:iron_helmet":1,"minecraft:bucket":1,"minecraft:stone_axe":1,"minecraft:air":0,"minecraft:jungle_planks":88,"minecraft:iron_chestplate":1,"minecraft:diamond_pickaxe":1,"minecraft:charcoal":46,"minecraft:shield":1,"minecraft:stick":156,"minecraft:iron_ingot":81,"minecraft:iron_pickaxe":6,"minecraft:wooden_axe":1,"minecraft:iron_shovel":13,"minecraft:iron_leggings":1,"minecraft:white_bed":1,"minecraft:acacia_planks":12,"minecraft:torch":280,"minecraft:diamond_chestplate":1},"minecraft:mined":{"minecraft:tuff":84,"minecraft:mossy_cobblestone":14,"minecraft:deepslate_diamond_ore":15,"minecraft:cobbled_deepslate_stairs":9,"minecraft:cobblestone_stairs":16,"minecraft:granite":20,"minecraft:acacia_log":11,"minecraft:grass_block":1014,"minecraft:jungle_log":59,"minecraft:tall_seagrass":2,"minecraft:furnace":4,"minecraft:iron_ore":68,"minecraft:cobbled_deepslate":7,"minecraft:andesite":131,"minecraft:pointed_dripstone":33,"minecraft:vine":9,"minecraft:deepslate_iron_ore":14,"minecraft:dirt_path":1,"minecraft:bamboo_sapling":2,"minecraft:bamboo":5,"minecraft:stone":678,"minecraft:tripwire":2,"minecraft:scaffolding":54,"minecraft:crafting_table":9,"minecraft:torch":10,"minecraft:tall_grass":3,"minecraft:copper_ore":38,"minecraft:cobblestone":19,"minecraft:deepslate_gold_ore":8,"minecraft:oak_planks":5,"minecraft:diorite":109,"minecraft:wall_torch":24,"minecraft:deepslate_copper_ore":6,"minecraft:grass":57,"minecraft:oak_log":33,"minecraft:coal_ore":116,"minecraft:gravel":31,"minecraft:dripstone_block":107,"minecraft:dirt":1621,"minecraft:gold_ore":1,"minecraft:oak_leaves":38,"minecraft:deepslate":889,"minecraft:fern":23},"minecraft:picked_up":{"minecraft:cocoa_beans":21,"minecraft:charcoal":6,"minecraft:crafting_table":9,"minecraft:wooden_pickaxe":1,"minecraft:string":6,"minecraft:raw_copper":156,"minecraft:iron_axe":1,"minecraft:cobbled_deepslate":894,"minecraft:beef":31,"minecraft:jungle_sapling":1,"minecraft:furnace":4,"minecraft:egg":1,"minecraft:stick":4,"minecraft:raw_iron":82,"minecraft:glow_item_frame":2,"minecraft:torch":439,"minecraft:acacia_log":14,"minecraft:pointed_dripstone":31,"minecraft:diorite":108,"minecraft:rotten_flesh":13,"minecraft:arrow":1,"minecraft:mutton":9,"minecraft:white_wool":5,"minecraft:cobblestone":677,"minecraft:cooked_beef":1,"minecraft:glow_ink_sac":1,"minecraft:andesite":131,"minecraft:jungle_log":59,"minecraft:leather":13,"minecraft:flint":7,"minecraft:tuff":83,"minecraft:oak_log":33,"minecraft:cobbled_deepslate_stairs":9,"minecraft:gunpowder":1,"minecraft:cobblestone_stairs":16,"minecraft:dirt":2525,"minecraft:white_banner":1,"minecraft:bone":3,"minecraft:apple":1,"minecraft:wheat_seeds":24,"minecraft:raw_gold":10,"minecraft:iron_ingot":1,"minecraft:bamboo":55,"minecraft:oak_planks":5,"minecraft:scaffolding":82,"minecraft:dandelion":1,"minecraft:dripstone_block":97,"minecraft:gravel":23,"minecraft:ink_sac":2,"minecraft:spider_eye":1,"minecraft:mossy_cobblestone":9,"minecraft:diamond":15,"minecraft:granite":20,"minecraft:gray_wool":1,"minecraft:oak_sapling":8,"minecraft:coal":113,"minecraft:ender_pearl":1},"minecraft:killed":{"minecraft:spider":3,"minecraft:skeleton":2,"minecraft:drowned":2,"minecraft:bat":1,"minecraft:creeper":1,"minecraft:squid":1,"minecraft:sheep":6,"minecraft:pillager":3,"minecraft:zombie":11,"minecraft:cow":14,"minecraft:enderman":1},"minecraft:custom":{"minecraft:mob_kills":45,"minecraft:interact_with_crafting_table":57,"minecraft:leave_game":19,"minecraft:time_since_death":301059,"minecraft:climb_one_cm":13317,"minecraft:sprint_one_cm":426745,"minecraft:walk_one_cm":675125,"minecraft:damage_blocked_by_shield":892,"minecraft:drop":20,"minecraft:talked_to_villager":1,"minecraft:play_time":301059,"minecraft:sneak_time":64675,"minecraft:walk_under_water_one_cm":114949,"minecraft:jump":4194,"minecraft:walk_on_water_one_cm":83444,"minecraft:total_world_time":301059,"minecraft:interact_with_furnace":71,"minecraft:sleep_in_bed":8,"minecraft:time_since_rest":8410,"minecraft:damage_taken":1161,"minecraft:damage_dealt":6767,"minecraft:swim_one_cm":98214,"minecraft:fly_one_cm":834357,"minecraft:open_chest":12,"minecraft:crouch_one_cm":286983,"minecraft:fall_one_cm":87784,"minecraft:inspect_dispenser":1},"minecraft:dropped":{"minecraft:wheat_seeds":5,"minecraft:dripstone_block":1,"minecraft:jungle_sapling":1,"minecraft:iron_axe":1,"minecraft:gravel":17,"minecraft:cobbled_deepslate":2,"minecraft:cocoa_beans":21,"minecraft:pointed_dripstone":9,"minecraft:rotten_flesh":3,"minecraft:iron_boots":1,"minecraft:iron_chestplate":1,"minecraft:andesite":1,"minecraft:raw_gold":1},"minecraft:used":{"minecraft:iron_shovel":2459,"minecraft:stone_shovel":134,"minecraft:oak_sign":7,"minecraft:chest":2,"minecraft:shield":39,"minecraft:wooden_shovel":60,"minecraft:rotten_flesh":10,"minecraft:iron_chestplate":1,"minecraft:torch":649,"minecraft:dirt":2258,"minecraft:tuff":69,"minecraft:granite":20,"minecraft:milk_bucket":1,"minecraft:wooden_axe":36,"minecraft:iron_axe":87,"minecraft:bamboo":2,"minecraft:scaffolding":82,"minecraft:furnace":11,"minecraft:egg":1,"minecraft:cooked_beef":21,"minecraft:cobbled_deepslate":95,"minecraft:iron_leggings":1,"minecraft:cooked_mutton":9,"minecraft:water_bucket":11,"minecraft:diorite":108,"minecraft:cobblestone_stairs":181,"minecraft:stone_pickaxe":795,"minecraft:oak_planks":5,"minecraft:wooden_pickaxe":4,"minecraft:glow_item_frame":3,"minecraft:mossy_cobblestone":9,"minecraft:crafting_table":18,"minecraft:white_bed":1,"minecraft:dripstone_block":79,"minecraft:cobbled_deepslate_stairs":210,"minecraft:diamond_pickaxe":96,"minecraft:apple":1,"minecraft:iron_pickaxe":1509,"minecraft:gravel":6,"minecraft:stone_axe":107,"minecraft:cobblestone":159,"minecraft:andesite":69,"minecraft:bucket":12,"minecraft:bone_meal":9}},"DataVersion":3578}