{"stats":{"minecraft:mined":{"minecraft:white_bed":5,"minecraft:deepslate_diamond_ore":15,"minecraft:oak_door":1,"minecraft:glow_lichen":2,"minecraft:cave_vines_plant":8,"minecraft:granite":144,"minecraft:budding_amethyst":7,"minecraft:acacia_log":7,"minecraft:grass_block":103,"minecraft:moss_block":5,"minecraft:oxeye_daisy":2,"minecraft:tall_seagrass":1,"minecraft:spore_blossom":1,"minecraft:redstone_ore":5,"minecraft:furnace":5,"minecraft:iron_ore":74,"minecraft:cobbled_deepslate":1,"minecraft:andesite":94,"minecraft:pumpkin":2,"minecraft:big_dripleaf_stem":1,"minecraft:cave_vines":33,"minecraft:deepslate_iron_ore":15,"minecraft:vine":1,"minecraft:small_amethyst_bud":1,"minecraft:bamboo":4,"minecraft:stone":1647,"minecraft:deepslate_redstone_ore":1,"minecraft:dandelion":5,"minecraft:oak_fence":2,"minecraft:clay":33,"minecraft:crafting_table":7,"minecraft:torch":4,"minecraft:calcite":2,"minecraft:tall_grass":26,"minecraft:copper_ore":24,"minecraft:cobblestone":12,"minecraft:deepslate_coal_ore":10,"minecraft:lapis_ore":11,"minecraft:deepslate_gold_ore":6,"minecraft:sugar_cane":2,"minecraft:diorite":126,"minecraft:wall_torch":5,"minecraft:amethyst_block":101,"minecraft:birch_log":32,"minecraft:wheat":1,"minecraft:birch_leaves":1,"minecraft:grass":111,"minecraft:oak_log":32,"minecraft:coal_ore":146,"minecraft:gravel":32,"minecraft:dirt":42,"minecraft:smooth_basalt":5,"minecraft:acacia_planks":7,"minecraft:birch_fence":1,"minecraft:oak_leaves":25,"minecraft:deepslate":372,"minecraft:fern":2},"minecraft:killed_by":{"minecraft:skeleton":2,"minecraft:zombie":1},"minecraft:custom":{"minecraft:mob_kills":58,"minecraft:interact_with_crafting_table":59,"minecraft:leave_game":12,"minecraft:time_since_death":148546,"minecraft:climb_one_cm":8633,"minecraft:sprint_one_cm":624408,"minecraft:walk_one_cm":821889,"minecraft:damage_blocked_by_shield":360,"minecraft:drop":34,"minecraft:play_time":300322,"minecraft:sneak_time":2068,"minecraft:deaths":3,"minecraft:walk_under_water_one_cm":38155,"minecraft:boat_one_cm":61076,"minecraft:jump":3759,"minecraft:walk_on_water_one_cm":53167,"minecraft:total_world_time":300322,"minecraft:interact_with_furnace":64,"minecraft:sleep_in_bed":11,"minecraft:time_since_rest":176,"minecraft:damage_taken":2290,"minecraft:damage_dealt":7610,"minecraft:swim_one_cm":93434,"minecraft:fly_one_cm":653111,"minecraft:open_chest":38,"minecraft:crouch_one_cm":2786,"minecraft:fall_one_cm":88870},"minecraft:picked_up":{"minecraft:wooden_axe":1,"minecraft:crafting_table":10,"minecraft:wheat":1,"minecraft:chicken":5,"minecraft:clay_ball":132,"minecraft:amethyst_block":112,"minecraft:moss_carpet":1,"minecraft:string":2,"minecraft:raw_copper":84,"minecraft:wooden_sword":1,"minecraft:birch_fence":1,"minecraft:cobbled_deepslate":334,"minecraft:beef":18,"minecraft:oak_boat":1,"minecraft:calcite":2,"minecraft:sugar_cane":5,"minecraft:birch_sapling":6,"minecraft:furnace":5,"minecraft:egg":6,"minecraft:golden_helmet":1,"minecraft:stick":7,"minecraft:raw_iron":89,"minecraft:oak_door":1,"minecraft:big_dripleaf":4,"minecraft:oak_fence":2,"minecraft:torch":9,"minecraft:acacia_log":7,"minecraft:porkchop":37,"minecraft:diorite":127,"minecraft:redstone":27,"minecraft:stone_sword":1,"minecraft:arrow":7,"minecraft:rotten_flesh":2,"minecraft:glow_berries":25,"minecraft:mutton":10,"minecraft:white_wool":9,"minecraft:cobblestone":1731,"minecraft:oxeye_daisy":2,"minecraft:birch_log":32,"minecraft:feather":15,"minecraft:cooked_beef":12,"minecraft:andesite":94,"minecraft:leather":5,"minecraft:golden_leggings":1,"minecraft:flint":3,"minecraft:oak_log":32,"minecraft:lapis_lazuli":77,"minecraft:dirt":161,"minecraft:cooked_mutton":8,"minecraft:bone":8,"minecraft:acacia_planks":10,"minecraft:apple":3,"minecraft:wheat_seeds":20,"minecraft:raw_gold":6,"minecraft:cooked_chicken":4,"minecraft:spore_blossom":1,"minecraft:iron_ingot":1,"minecraft:stone_pickaxe":6,"minecraft:bamboo":33,"minecraft:moss_block":5,"minecraft:acacia_sapling":1,"minecraft:oak_planks":16,"minecraft:smooth_basalt":5,"minecraft:cooked_porkchop":4,"minecraft:pumpkin":2,"minecraft:dandelion":6,"minecraft:gravel":28,"minecraft:white_bed":5,"minecraft:diamond":15,"minecraft:granite":91,"minecraft:gray_wool":2,"minecraft:oak_sapling":9,"minecraft:coal":203},"minecraft:broken":{"minecraft:wooden_pickaxe":2,"minecraft:stone_pickaxe":9,"minecraft:iron_pickaxe":6,"minecraft:wooden_axe":1},"minecraft:used":{"minecraft:oak_fence":24,"minecraft:stone_sword":144,"minecraft:oak_sign":2,"minecraft:chest":2,"minecraft:shield":20,"minecraft:iron_sword":55,"minecraft:cooked_chicken":4,"minecraft:oak_door":2,"minecraft:torch":62,"minecraft:dirt":116,"minecraft:granite":21,"minecraft:oak_fence_gate":2,"minecraft:iron_hoe":14,"minecraft:wooden_axe":41,"minecraft:smooth_basalt":5,"minecraft:furnace":8,"minecraft:cooked_beef":5,"minecraft:cobbled_deepslate":1,"minecraft:wheat_seeds":11,"minecraft:cooked_mutton":5,"minecraft:stone_pickaxe":1218,"minecraft:wooden_pickaxe":118,"minecraft:sugar_cane":1,"minecraft:crafting_table":11,"minecraft:white_bed":6,"minecraft:birch_fence":25,"minecraft:iron_pickaxe":1626,"minecraft:deepslate":1,"minecraft:stone_axe":88,"minecraft:wooden_sword":5,"minecraft:cobblestone":209,"minecraft:cooked_porkchop":19},"minecraft:killed":{"minecraft:spider":1,"minecraft:skeleton":7,"minecraft:chicken":5,"minecraft:pig":20,"minecraft:salmon":1,"minecraft:sheep":7,"minecraft:zombie":11,"minecraft:cow":6},"minecraft:dropped":{"minecraft:wheat_seeds":1,"minecraft:crafting_table":3,"minecraft:cooked_porkchop":6,"minecraft:cobblestone":202,"minecraft:feather":15,"minecraft:apple":1,"minecraft:diorite":8,"minecraft:glistering_melon_slice":4,"minecraft:white_wool":2,"minecraft:bone":6,"minecraft:moss_carpet":1,"minecraft:stone_sword":1,"minecraft:andesite":11,"minecraft:calcite":2,"minecraft:egg":1},"minecraft:crafted":{"minecraft:wooden_sword":1,"minecraft:oak_door":3,"minecraft:oak_planks":128,"minecraft:oak_sign":3,"minecraft:furnace":4,"minecraft:cooked_mutton":9,"minecraft:iron_boots":1,"minecraft:iron_hoe":1,"minecraft:stone_pickaxe":9,"minecraft:chest":2,"minecraft:oak_fence":30,"minecraft:cooked_beef":6,"minecraft:deepslate":128,"minecraft:cooked_porkchop":37,"minecraft:crafting_table":4,"minecraft:wooden_pickaxe":2,"minecraft:iron_sword":1,"minecraft:copper_ingot":18,"minecraft:bucket":1,"minecraft:birch_planks":100,"minecraft:stone_axe":1,"minecraft:air":0,"minecraft:oak_fence_gate":2,"minecraft:iron_chestplate":1,"minecraft:shield":1,"minecraft:birch_fence":30,"minecraft:stick":120,"minecraft:iron_ingot":89,"minecraft:iron_pickaxe":7,"minecraft:wooden_axe":1,"minecraft:stone_sword":1,"minecraft:white_bed":1,"minecraft:acacia_planks":28,"minecraft:torch":124,"minecraft:shears":1}},"DataVersion":3578}