{"stats":{"minecraft:crafted":{"minecraft:cooked_beef":6,"minecraft:wooden_sword":1,"minecraft:oak_door":3,"minecraft:oak_planks":24,"minecraft:oak_sign":3,"minecraft:cooked_porkchop":24,"minecraft:crafting_table":3,"minecraft:wooden_pickaxe":2,"minecraft:furnace":2,"minecraft:copper_ingot":18,"minecraft:cooked_mutton":8,"minecraft:stick":28,"minecraft:iron_ingot":3,"minecraft:iron_pickaxe":1,"minecraft:stone_pickaxe":9,"minecraft:wooden_axe":1,"minecraft:stone_sword":1,"minecraft:chest":1,"minecraft:white_bed":1,"minecraft:acacia_planks":28},"minecraft:custom":{"minecraft:interact_with_furnace":23,"minecraft:mob_kills":40,"minecraft:interact_with_crafting_table":23,"minecraft:leave_game":5,"minecraft:time_since_death":45041,"minecraft:sleep_in_bed":7,"minecraft:climb_one_cm":8633,"minecraft:time_since_rest":44413,"minecraft:sprint_one_cm":464715,"minecraft:damage_taken":1687,"minecraft:walk_one_cm":524970,"minecraft:drop":25,"minecraft:damage_dealt":4019,"minecraft:swim_one_cm":61136,"minecraft:fly_one_cm":426970,"minecraft:open_chest":9,"minecraft:crouch_one_cm":1065,"minecraft:play_time":196817,"minecraft:deaths":3,"minecraft:sneak_time":316,"minecraft:walk_under_water_one_cm":29652,"minecraft:boat_one_cm":61076,"minecraft:jump":2668,"minecraft:walk_on_water_one_cm":41333,"minecraft:total_world_time":196817,"minecraft:fall_one_cm":66436},"minecraft:used":{"minecraft:cooked_mutton":5,"minecraft:stone_sword":113,"minecraft:stone_pickaxe":1218,"minecraft:oak_sign":2,"minecraft:chest":1,"minecraft:wooden_pickaxe":118,"minecraft:sugar_cane":1,"minecraft:cooked_chicken":4,"minecraft:oak_door":2,"minecraft:dirt":50,"minecraft:crafting_table":10,"minecraft:white_bed":6,"minecraft:wooden_axe":41,"minecraft:iron_pickaxe":250,"minecraft:smooth_basalt":5,"minecraft:wooden_sword":5,"minecraft:cobblestone":146,"minecraft:furnace":6,"minecraft:cooked_porkchop":10,"minecraft:cooked_beef":3},"minecraft:dropped":{"minecraft:wheat_seeds":1,"minecraft:crafting_table":3,"minecraft:cooked_porkchop":6,"minecraft:feather":15,"minecraft:cobblestone":73,"minecraft:diorite":8,"minecraft:andesite":11,"minecraft:glistering_melon_slice":4,"minecraft:calcite":2,"minecraft:white_wool":1},"minecraft:mined":{"minecraft:white_bed":5,"minecraft:oak_door":1,"minecraft:cave_vines_plant":8,"minecraft:glow_lichen":2,"minecraft:budding_amethyst":7,"minecraft:clay":33,"minecraft:crafting_table":7,"minecraft:granite":26,"minecraft:acacia_log":7,"minecraft:grass_block":37,"minecraft:calcite":2,"minecraft:deepslate_coal_ore":10,"minecraft:copper_ore":24,"minecraft:tall_grass":26,"minecraft:cobblestone":11,"minecraft:lapis_ore":3,"minecraft:moss_block":5,"minecraft:sugar_cane":2,"minecraft:diorite":56,"minecraft:amethyst_block":101,"minecraft:spore_blossom":1,"minecraft:furnace":5,"minecraft:iron_ore":35,"minecraft:andesite":39,"minecraft:pumpkin":2,"minecraft:big_dripleaf_stem":1,"minecraft:grass":88,"minecraft:coal_ore":65,"minecraft:oak_log":6,"minecraft:cave_vines":33,"minecraft:deepslate_iron_ore":10,"minecraft:vine":1,"minecraft:small_amethyst_bud":1,"minecraft:gravel":3,"minecraft:dirt":30,"minecraft:smooth_basalt":5,"minecraft:bamboo":4,"minecraft:acacia_planks":7,"minecraft:stone":1056,"minecraft:oak_leaves":10,"minecraft:deepslate":13,"minecraft:fern":2},"minecraft:killed":{"minecraft:pig":19,"minecraft:salmon":1,"minecraft:sheep":7,"minecraft:zombie":2,"minecraft:chicken":5,"minecraft:cow":6},"minecraft:killed_by":{"minecraft:skeleton":2,"minecraft:zombie":1},"minecraft:broken":{"minecraft:stone_pickaxe":9,"minecraft:iron_pickaxe":1,"minecraft:wooden_axe":1,"minecraft:wooden_pickaxe":2},"minecraft:picked_up":{"minecraft:wooden_axe":1,"minecraft:crafting_table":10,"minecraft:feather":15,"minecraft:cooked_beef":12,"minecraft:chicken":5,"minecraft:clay_ball":132,"minecraft:andesite":39,"minecraft:leather":5,"minecraft:golden_leggings":1,"minecraft:oak_log":6,"minecraft:moss_carpet":1,"minecraft:amethyst_block":112,"minecraft:lapis_lazuli":22,"minecraft:dirt":83,"minecraft:raw_copper":84,"minecraft:wooden_sword":1,"minecraft:cooked_mutton":8,"minecraft:bone":2,"minecraft:acacia_planks":10,"minecraft:apple":2,"minecraft:wheat_seeds":16,"minecraft:cobbled_deepslate":13,"minecraft:spore_blossom":1,"minecraft:beef":18,"minecraft:stone_pickaxe":6,"minecraft:cooked_chicken":4,"minecraft:oak_boat":1,"minecraft:calcite":2,"minecraft:bamboo":33,"minecraft:moss_block":5,"minecraft:sugar_cane":5,"minecraft:acacia_sapling":1,"minecraft:furnace":5,"minecraft:egg":5,"minecraft:golden_helmet":1,"minecraft:stick":4,"minecraft:raw_iron":45,"minecraft:smooth_basalt":5,"minecraft:cooked_porkchop":4,"minecraft:oak_door":1,"minecraft:pumpkin":2,"minecraft:big_dripleaf":4,"minecraft:acacia_log":7,"minecraft:gravel":2,"minecraft:porkchop":34,"minecraft:diorite":64,"minecraft:white_bed":5,"minecraft:stone_sword":1,"minecraft:granite":26,"minecraft:gray_wool":2,"minecraft:oak_sapling":5,"minecraft:glow_berries":25,"minecraft:mutton":10,"minecraft:coal":122,"minecraft:white_wool":6,"minecraft:cobblestone":1198}},"DataVersion":3578}