{"stats":{"minecraft:mined":{"minecraft:white_bed":1,"minecraft:dandelion":1,"minecraft:crafting_table":1,"minecraft:grass_block":121,"minecraft:poppy":7,"minecraft:tall_grass":19,"minecraft:lapis_ore":8,"minecraft:sugar_cane":1,"minecraft:birch_log":18,"minecraft:wheat":2,"minecraft:birch_leaves":3,"minecraft:azure_bluet":1,"minecraft:grass":171,"minecraft:oak_log":23,"minecraft:coal_ore":2,"minecraft:sand":47,"minecraft:dirt":141,"minecraft:stone":162,"minecraft:oak_leaves":40,"minecraft:fern":14},"minecraft:killed_by":{"minecraft:skeleton":1,"minecraft:zombie":2},"minecraft:custom":{"minecraft:mob_kills":12,"minecraft:interact_with_crafting_table":5,"minecraft:leave_game":2,"minecraft:time_since_death":71496,"minecraft:sleep_in_bed":4,"minecraft:climb_one_cm":436,"minecraft:time_since_rest":10515,"minecraft:sprint_one_cm":119693,"minecraft:damage_taken":1140,"minecraft:walk_one_cm":284282,"minecraft:damage_dealt":1554,"minecraft:swim_one_cm":1740,"minecraft:fly_one_cm":20554,"minecraft:play_time":85203,"minecraft:deaths":3,"minecraft:walk_under_water_one_cm":8453,"minecraft:jump":744,"minecraft:walk_on_water_one_cm":27729,"minecraft:total_world_time":85203,"minecraft:fall_one_cm":13353},"minecraft:picked_up":{"minecraft:birch_log":18,"minecraft:crafting_table":1,"minecraft:azure_bluet":1,"minecraft:leather":1,"minecraft:oak_log":23,"minecraft:lapis_lazuli":53,"minecraft:string":1,"minecraft:dirt":255,"minecraft:bone":1,"minecraft:oak_sign":1,"minecraft:wheat_seeds":31,"minecraft:beef":3,"minecraft:poppy":8,"minecraft:sugar_cane":3,"minecraft:egg":2,"minecraft:stick":9,"minecraft:dandelion":3,"minecraft:porkchop":13,"minecraft:sand":47,"minecraft:ink_sac":6,"minecraft:white_bed":1,"minecraft:spider_eye":1,"minecraft:arrow":2,"minecraft:oak_sapling":11,"minecraft:mutton":4,"minecraft:coal":2,"minecraft:white_wool":3,"minecraft:cobblestone":162},"minecraft:used":{"minecraft:wheat_seeds":18,"minecraft:stone_pickaxe":131,"minecraft:oak_sign":1,"minecraft:wooden_pickaxe":59,"minecraft:wooden_shovel":59,"minecraft:stone_hoe":20,"minecraft:dirt":228,"minecraft:mutton":4,"minecraft:crafting_table":3,"minecraft:white_bed":2,"minecraft:cobblestone":16,"minecraft:beef":2,"minecraft:porkchop":12},"minecraft:broken":{"minecraft:stone_pickaxe":1,"minecraft:wooden_shovel":1,"minecraft:wooden_pickaxe":1},"minecraft:killed":{"minecraft:pig":6,"minecraft:spider":1,"minecraft:sheep":4,"minecraft:cow":1},"minecraft:crafted":{"minecraft:wooden_sword":1,"minecraft:oak_planks":8,"minecraft:wooden_shovel":1,"minecraft:crafting_table":2,"minecraft:wooden_pickaxe":1,"minecraft:birch_planks":20,"minecraft:stick":8,"minecraft:stone_pickaxe":2,"minecraft:white_bed":1,"minecraft:stone_hoe":1}},"DataVersion":3578}