{"stats":{"minecraft:used":{"minecraft:dirt":2},"minecraft:custom":{"minecraft:jump":131,"minecraft:time_since_rest":20409,"minecraft:damage_dealt":30,"minecraft:leave_game":4,"minecraft:crouch_one_cm":181,"minecraft:play_time":20409,"minecraft:sprint_one_cm":33007,"minecraft:damage_taken":75,"minecraft:time_since_death":20409,"minecraft:walk_one_cm":75327,"minecraft:sneak_time":125,"minecraft:total_world_time":20409,"minecraft:fall_one_cm":3135,"minecraft:fly_one_cm":11164,"minecraft:horse_one_cm":873},"minecraft:mined":{"minecraft:grass":2,"minecraft:grass_block":2},"minecraft:picked_up":{"minecraft:dirt":2}},"DataVersion":3578}