{"stats":{"minecraft:used":{"minecraft:oak_log":4},"minecraft:custom":{"minecraft:jump":80,"minecraft:time_since_rest":2176,"minecraft:damage_dealt":10,"minecraft:crouch_one_cm":2295,"minecraft:leave_game":10,"minecraft:play_time":64656,"minecraft:sprint_one_cm":12508,"minecraft:time_since_death":64656,"minecraft:walk_one_cm":19944,"minecraft:sleep_in_bed":1,"minecraft:sneak_time":1516,"minecraft:total_world_time":64656,"minecraft:climb_one_cm":711,"minecraft:fly_one_cm":436827}},"DataVersion":3578}