{"stats":{"minecraft:mined":{"minecraft:white_bed":4,"minecraft:farmland":2,"minecraft:mangrove_roots":27,"minecraft:granite":14,"minecraft:glow_lichen":1,"minecraft:grass_block":349,"minecraft:brown_mushroom_block":24,"minecraft:mangrove_propagule":1,"minecraft:furnace":1,"minecraft:iron_ore":18,"minecraft:fire":1,"minecraft:andesite":14,"minecraft:pumpkin":4,"minecraft:vine":1,"minecraft:stripped_oak_log":5,"minecraft:bamboo":5,"minecraft:stone":229,"minecraft:oak_fence":4,"minecraft:crafting_table":2,"minecraft:torch":5,"minecraft:melon":12,"minecraft:mushroom_stem":4,"minecraft:copper_ore":15,"minecraft:cobblestone":7,"minecraft:lily_pad":4,"minecraft:oak_planks":14,"minecraft:sugar_cane":4,"minecraft:wall_torch":1,"minecraft:birch_log":51,"minecraft:wheat":14,"minecraft:birch_leaves":1,"minecraft:grass":105,"minecraft:coal_ore":68,"minecraft:oak_log":234,"minecraft:cocoa":5,"minecraft:dirt":230,"minecraft:oak_leaves":72,"minecraft:fern":4},"minecraft:killed_by":{"minecraft:zombie":1},"minecraft:custom":{"minecraft:mob_kills":16,"minecraft:animals_bred":2,"minecraft:interact_with_crafting_table":27,"minecraft:leave_game":5,"minecraft:time_since_death":130150,"minecraft:climb_one_cm":8344,"minecraft:sprint_one_cm":591423,"minecraft:walk_one_cm":540096,"minecraft:drop":6,"minecraft:talked_to_villager":1,"minecraft:play_time":274930,"minecraft:deaths":1,"minecraft:sneak_time":6120,"minecraft:walk_under_water_one_cm":53677,"minecraft:boat_one_cm":30202,"minecraft:jump":2104,"minecraft:walk_on_water_one_cm":77903,"minecraft:total_world_time":274930,"minecraft:interact_with_furnace":13,"minecraft:sleep_in_bed":15,"minecraft:time_since_rest":211,"minecraft:damage_taken":1843,"minecraft:damage_dealt":2117,"minecraft:swim_one_cm":93196,"minecraft:fly_one_cm":204996,"minecraft:open_chest":17,"minecraft:crouch_one_cm":9926,"minecraft:fall_one_cm":41161},"minecraft:picked_up":{"minecraft:cocoa_beans":15,"minecraft:crafting_table":2,"minecraft:wheat":11,"minecraft:chicken":2,"minecraft:brown_mushroom":7,"minecraft:lead":2,"minecraft:golden_sword":1,"minecraft:moss_carpet":4,"minecraft:raw_copper":61,"minecraft:beef":7,"minecraft:melon_slice":85,"minecraft:sugar_cane":9,"minecraft:birch_sapling":6,"minecraft:furnace":1,"minecraft:stick":55,"minecraft:raw_iron":18,"minecraft:oak_fence":4,"minecraft:torch":11,"minecraft:stone_shovel":1,"minecraft:rotten_flesh":5,"minecraft:mangrove_roots":26,"minecraft:glistering_melon_slice":4,"minecraft:mutton":4,"minecraft:white_wool":3,"minecraft:cobblestone":314,"minecraft:stripped_oak_log":5,"minecraft:birch_log":51,"minecraft:andesite":14,"minecraft:leather":6,"minecraft:oak_log":231,"minecraft:lily_pad":3,"minecraft:dirt":631,"minecraft:apple":6,"minecraft:wheat_seeds":46,"minecraft:stone_pickaxe":1,"minecraft:bamboo":41,"minecraft:oak_planks":61,"minecraft:acacia_sapling":3,"minecraft:cooked_porkchop":2,"minecraft:pumpkin":4,"minecraft:white_bed":4,"minecraft:stone_axe":2,"minecraft:granite":14,"minecraft:oak_sapling":47,"minecraft:coal":112,"minecraft:mangrove_propagule":1},"minecraft:broken":{"minecraft:stone_hoe":1,"minecraft:wooden_pickaxe":2,"minecraft:stone_pickaxe":2,"minecraft:golden_sword":1,"minecraft:stone_axe":1,"minecraft:wooden_axe":1,"minecraft:stone_shovel":3},"minecraft:used":{"minecraft:oak_fence":78,"minecraft:stone_shovel":531,"minecraft:oak_sign":1,"minecraft:chest":2,"minecraft:stone_hoe":150,"minecraft:cooked_chicken":2,"minecraft:rotten_flesh":5,"minecraft:torch":10,"minecraft:dirt":560,"minecraft:granite":2,"minecraft:wooden_axe":54,"minecraft:golden_sword":36,"minecraft:mangrove_roots":19,"minecraft:furnace":2,"minecraft:oak_sapling":4,"minecraft:cooked_beef":5,"minecraft:wheat_seeds":43,"minecraft:cooked_mutton":4,"minecraft:water_bucket":5,"minecraft:birch_planks":20,"minecraft:stone_pickaxe":270,"minecraft:oak_planks":14,"minecraft:wooden_pickaxe":118,"minecraft:crafting_table":3,"minecraft:white_bed":5,"minecraft:oak_log":136,"minecraft:apple":4,"minecraft:melon_slice":59,"minecraft:bread":1,"minecraft:stone_axe":276,"minecraft:cobblestone":63,"minecraft:cooked_porkchop":2,"minecraft:bucket":5,"minecraft:birch_stairs":18},"minecraft:killed":{"minecraft:spider":1,"minecraft:skeleton":2,"minecraft:chicken":2,"minecraft:frog":1,"minecraft:wandering_trader":1,"minecraft:sheep":2,"minecraft:zombie":3,"minecraft:cow":4},"minecraft:dropped":{"minecraft:oak_fence":1,"minecraft:lead":1,"minecraft:dirt":8,"minecraft:stone_axe":1,"minecraft:wheat":1,"minecraft:oak_sign":1},"minecraft:crafted":{"minecraft:oak_planks":236,"minecraft:stone_shovel":4,"minecraft:oak_sign":3,"minecraft:cooked_chicken":2,"minecraft:furnace":1,"minecraft:cooked_mutton":4,"minecraft:melon_seeds":2,"minecraft:stone_pickaxe":4,"minecraft:chest":2,"minecraft:stone_hoe":2,"minecraft:oak_fence":75,"minecraft:cooked_beef":7,"minecraft:crafting_table":1,"minecraft:wooden_pickaxe":2,"minecraft:copper_ingot":20,"minecraft:bucket":1,"minecraft:birch_planks":80,"minecraft:stone_axe":3,"minecraft:bread":1,"minecraft:stick":60,"minecraft:iron_ingot":18,"minecraft:wooden_axe":1,"minecraft:white_bed":1,"minecraft:torch":4,"minecraft:birch_stairs":40}},"DataVersion":3578}