{"stats":{"minecraft:custom":{"minecraft:interact_with_furnace":3,"minecraft:mob_kills":7,"minecraft:interact_with_crafting_table":13,"minecraft:leave_game":4,"minecraft:time_since_death":12317,"minecraft:sleep_in_bed":5,"minecraft:climb_one_cm":8344,"minecraft:time_since_rest":12373,"minecraft:sprint_one_cm":309530,"minecraft:damage_taken":1118,"minecraft:walk_one_cm":242444,"minecraft:drop":3,"minecraft:damage_dealt":633,"minecraft:swim_one_cm":88599,"minecraft:fly_one_cm":154930,"minecraft:open_chest":5,"minecraft:crouch_one_cm":5027,"minecraft:play_time":157097,"minecraft:deaths":1,"minecraft:sneak_time":2361,"minecraft:walk_under_water_one_cm":49410,"minecraft:boat_one_cm":30202,"minecraft:jump":1449,"minecraft:walk_on_water_one_cm":76142,"minecraft:total_world_time":157097,"minecraft:fall_one_cm":30137},"minecraft:broken":{"minecraft:stone_pickaxe":1,"minecraft:wooden_axe":1,"minecraft:stone_shovel":2,"minecraft:wooden_pickaxe":2},"minecraft:killed_by":{"minecraft:zombie":1},"minecraft:dropped":{"minecraft:stone_axe":1,"minecraft:oak_fence":1,"minecraft:dirt":8},"minecraft:used":{"minecraft:oak_fence":44,"minecraft:cooked_mutton":4,"minecraft:stone_shovel":269,"minecraft:stone_pickaxe":261,"minecraft:oak_planks":10,"minecraft:oak_sign":1,"minecraft:chest":2,"minecraft:wooden_pickaxe":118,"minecraft:cooked_chicken":2,"minecraft:torch":8,"minecraft:dirt":327,"minecraft:crafting_table":3,"minecraft:white_bed":5,"minecraft:wooden_axe":54,"minecraft:apple":1,"minecraft:melon_slice":37,"minecraft:stone_axe":75,"minecraft:golden_sword":11,"minecraft:cobblestone":16,"minecraft:mangrove_roots":17,"minecraft:furnace":2,"minecraft:cooked_porkchop":2},"minecraft:killed":{"minecraft:spider":1,"minecraft:frog":1,"minecraft:sheep":2,"minecraft:skeleton":1,"minecraft:chicken":2},"minecraft:mined":{"minecraft:white_bed":4,"minecraft:mangrove_roots":27,"minecraft:glow_lichen":1,"minecraft:torch":5,"minecraft:crafting_table":2,"minecraft:granite":14,"minecraft:grass_block":217,"minecraft:melon":12,"minecraft:mushroom_stem":4,"minecraft:brown_mushroom_block":24,"minecraft:copper_ore":15,"minecraft:wall_torch":1,"minecraft:lily_pad":4,"minecraft:sugar_cane":4,"minecraft:oak_planks":10,"minecraft:mangrove_propagule":1,"minecraft:furnace":1,"minecraft:birch_log":31,"minecraft:iron_ore":18,"minecraft:fire":1,"minecraft:andesite":14,"minecraft:birch_leaves":1,"minecraft:pumpkin":4,"minecraft:grass":17,"minecraft:oak_log":77,"minecraft:coal_ore":68,"minecraft:cocoa":5,"minecraft:vine":1,"minecraft:dirt":184,"minecraft:stripped_oak_log":4,"minecraft:bamboo":5,"minecraft:stone":229,"minecraft:oak_leaves":39,"minecraft:fern":4},"minecraft:crafted":{"minecraft:oak_planks":236,"minecraft:stone_shovel":2,"minecraft:oak_sign":3,"minecraft:crafting_table":1,"minecraft:wooden_pickaxe":2,"minecraft:cooked_chicken":2,"minecraft:furnace":1,"minecraft:stone_axe":1,"minecraft:cooked_mutton":4,"minecraft:stick":52,"minecraft:stone_pickaxe":2,"minecraft:wooden_axe":1,"minecraft:chest":2,"minecraft:white_bed":1,"minecraft:torch":4,"minecraft:oak_fence":60},"minecraft:picked_up":{"minecraft:stripped_oak_log":4,"minecraft:birch_log":31,"minecraft:cocoa_beans":15,"minecraft:crafting_table":2,"minecraft:chicken":2,"minecraft:andesite":14,"minecraft:brown_mushroom":7,"minecraft:oak_log":74,"minecraft:lily_pad":3,"minecraft:golden_sword":1,"minecraft:dirt":452,"minecraft:raw_copper":61,"minecraft:moss_carpet":4,"minecraft:apple":2,"minecraft:wheat_seeds":3,"minecraft:stone_pickaxe":1,"minecraft:bamboo":41,"minecraft:acacia_sapling":3,"minecraft:melon_slice":85,"minecraft:sugar_cane":9,"minecraft:birch_sapling":5,"minecraft:oak_planks":57,"minecraft:furnace":1,"minecraft:raw_iron":18,"minecraft:stick":18,"minecraft:cooked_porkchop":2,"minecraft:pumpkin":4,"minecraft:oak_fence":1,"minecraft:torch":11,"minecraft:white_bed":4,"minecraft:stone_shovel":1,"minecraft:stone_axe":2,"minecraft:granite":14,"minecraft:mangrove_roots":26,"minecraft:glistering_melon_slice":4,"minecraft:oak_sapling":24,"minecraft:mutton":4,"minecraft:mangrove_propagule":1,"minecraft:coal":112,"minecraft:white_wool":3,"minecraft:cobblestone":307}},"DataVersion":3578}