{"stats":{"minecraft:custom":{"minecraft:time_since_rest":14749,"minecraft:sprint_one_cm":208298,"minecraft:damage_taken":855,"minecraft:walk_one_cm":306500,"minecraft:mob_kills":6,"minecraft:drop":10,"minecraft:damage_dealt":574,"minecraft:swim_one_cm":21987,"minecraft:interact_with_crafting_table":12,"minecraft:fly_one_cm":430448,"minecraft:open_chest":1,"minecraft:crouch_one_cm":7970,"minecraft:play_time":193283,"minecraft:sneak_time":3788,"minecraft:deaths":2,"minecraft:walk_under_water_one_cm":3253,"minecraft:jump":1138,"minecraft:leave_game":10,"minecraft:time_since_death":156957,"minecraft:total_world_time":193283,"minecraft:walk_on_water_one_cm":2387,"minecraft:sleep_in_bed":7,"minecraft:climb_one_cm":1072,"minecraft:fall_one_cm":30727},"minecraft:broken":{"minecraft:stone_shovel":3,"minecraft:stone_axe":2},"minecraft:dropped":{"minecraft:dirt":2,"minecraft:wheat_seeds":2,"minecraft:oak_sapling":1,"minecraft:rooted_dirt":3,"minecraft:white_wool":2},"minecraft:used":{"minecraft:oak_log":122,"minecraft:apple":4,"minecraft:stone_shovel":479,"minecraft:melon_slice":29,"minecraft:rooted_dirt":21,"minecraft:stone_pickaxe":99,"minecraft:oak_planks":287,"minecraft:oak_sign":1,"minecraft:wooden_pickaxe":18,"minecraft:dirt":76,"minecraft:stone_axe":348,"minecraft:crafting_table":3,"minecraft:white_bed":2},"minecraft:killed":{"minecraft:sheep":5,"minecraft:zombie":1},"minecraft:mined":{"minecraft:white_bed":1,"minecraft:birch_log":35,"minecraft:andesite":1,"minecraft:birch_leaves":10,"minecraft:crafting_table":1,"minecraft:grass":11,"minecraft:grass_block":343,"minecraft:oak_log":215,"minecraft:coal_ore":27,"minecraft:melon":14,"minecraft:dirt":179,"minecraft:stone":65,"minecraft:oak_planks":54,"minecraft:oak_leaves":82,"minecraft:rooted_dirt":24,"minecraft:fern":1},"minecraft:crafted":{"minecraft:oak_planks":260,"minecraft:stone_shovel":4,"minecraft:oak_sign":3,"minecraft:crafting_table":2,"minecraft:stick":8,"minecraft:wooden_pickaxe":1,"minecraft:stone_pickaxe":1,"minecraft:white_bed":1,"minecraft:stone_axe":3},"minecraft:picked_up":{"minecraft:birch_log":35,"minecraft:stick":41,"minecraft:crafting_table":1,"minecraft:andesite":1,"minecraft:oak_log":215,"minecraft:white_bed":1,"minecraft:dirt":520,"minecraft:rotten_flesh":2,"minecraft:apple":8,"minecraft:wheat_seeds":2,"minecraft:rooted_dirt":24,"minecraft:birch_sapling":9,"minecraft:oak_sapling":70,"minecraft:melon_slice":63,"minecraft:mutton":8,"minecraft:oak_planks":53,"minecraft:coal":27,"minecraft:white_wool":5,"minecraft:cobblestone":65}},"DataVersion":3578}