{"stats":{"minecraft:used":{"minecraft:diorite":21,"minecraft:stone_shovel":484,"minecraft:stone_pickaxe":216,"minecraft:oak_planks":287,"minecraft:oak_sign":1,"minecraft:chest":2,"minecraft:wooden_pickaxe":18,"minecraft:iron_sword":43,"minecraft:rotten_flesh":3,"minecraft:torch":69,"minecraft:dirt":82,"minecraft:crafting_table":6,"minecraft:white_bed":5,"minecraft:tuff":20,"minecraft:oak_log":122,"minecraft:apple":4,"minecraft:melon_slice":63,"minecraft:rooted_dirt":21,"minecraft:iron_pickaxe":189,"minecraft:gravel":1,"minecraft:stone_axe":371,"minecraft:cobblestone":42,"minecraft:furnace":2,"minecraft:cobbled_deepslate":1},"minecraft:custom":{"minecraft:interact_with_furnace":13,"minecraft:mob_kills":24,"minecraft:interact_with_crafting_table":22,"minecraft:leave_game":21,"minecraft:time_since_death":22213,"minecraft:sleep_in_bed":11,"minecraft:climb_one_cm":1072,"minecraft:time_since_rest":14566,"minecraft:sprint_one_cm":334723,"minecraft:damage_taken":2115,"minecraft:walk_one_cm":464119,"minecraft:drop":10,"minecraft:damage_dealt":4085,"minecraft:swim_one_cm":42455,"minecraft:fly_one_cm":868755,"minecraft:open_chest":8,"minecraft:crouch_one_cm":11041,"minecraft:play_time":267031,"minecraft:sneak_time":5486,"minecraft:deaths":5,"minecraft:walk_under_water_one_cm":24162,"minecraft:jump":2153,"minecraft:walk_on_water_one_cm":8616,"minecraft:total_world_time":267031,"minecraft:fall_one_cm":49288},"minecraft:crafted":{"minecraft:oak_planks":268,"minecraft:stone_shovel":4,"minecraft:oak_sign":3,"minecraft:crafting_table":5,"minecraft:wooden_pickaxe":1,"minecraft:iron_sword":1,"minecraft:furnace":2,"minecraft:stone":41,"minecraft:birch_planks":24,"minecraft:stone_axe":3,"minecraft:air":0,"minecraft:stick":32,"minecraft:iron_ingot":12,"minecraft:iron_pickaxe":1,"minecraft:stone_pickaxe":2,"minecraft:chest":1,"minecraft:white_bed":1,"minecraft:torch":64},"minecraft:dropped":{"minecraft:wheat_seeds":2,"minecraft:rooted_dirt":3,"minecraft:dirt":2,"minecraft:oak_sapling":1,"minecraft:white_wool":2},"minecraft:killed_by":{"minecraft:skeleton":2},"minecraft:picked_up":{"minecraft:birch_log":57,"minecraft:crafting_table":1,"minecraft:glow_ink_sac":3,"minecraft:andesite":2,"minecraft:leather":2,"minecraft:lead":1,"minecraft:tuff":53,"minecraft:oak_log":215,"minecraft:gunpowder":4,"minecraft:dirt":568,"minecraft:raw_copper":4,"minecraft:bone":41,"minecraft:apple":8,"minecraft:bow":5,"minecraft:wheat_seeds":2,"minecraft:cobbled_deepslate":95,"minecraft:raw_gold":24,"minecraft:iron_ingot":18,"minecraft:stone_pickaxe":2,"minecraft:iron_pickaxe":3,"minecraft:iron_sword":3,"minecraft:sugar_cane":9,"minecraft:melon_slice":68,"minecraft:birch_sapling":9,"minecraft:oak_planks":53,"minecraft:stick":43,"minecraft:raw_iron":85,"minecraft:torch":14,"minecraft:gravel":1,"minecraft:diorite":63,"minecraft:white_bed":5,"minecraft:stone_shovel":1,"minecraft:arrow":39,"minecraft:rotten_flesh":8,"minecraft:diamond":81,"minecraft:rooted_dirt":24,"minecraft:oak_sapling":70,"minecraft:mutton":8,"minecraft:coal":44,"minecraft:white_wool":5,"minecraft:cobblestone":160},"minecraft:killed":{"minecraft:creeper":1,"minecraft:skeleton":9,"minecraft:sheep":5,"minecraft:trader_llama":2,"minecraft:zombie":7},"minecraft:mined":{"minecraft:tuff":20,"minecraft:white_bed":4,"minecraft:deepslate_diamond_ore":25,"minecraft:crafting_table":1,"minecraft:grass_block":347,"minecraft:melon":14,"minecraft:copper_ore":1,"minecraft:cobblestone":1,"minecraft:deepslate_coal_ore":10,"minecraft:deepslate_gold_ore":6,"minecraft:sugar_cane":3,"minecraft:oak_planks":54,"minecraft:diorite":21,"minecraft:rooted_dirt":24,"minecraft:wall_torch":5,"minecraft:birch_log":35,"minecraft:iron_ore":15,"minecraft:birch_leaves":10,"minecraft:andesite":2,"minecraft:grass":11,"minecraft:oak_log":215,"minecraft:coal_ore":34,"minecraft:deepslate_iron_ore":29,"minecraft:gravel":1,"minecraft:dirt":185,"minecraft:stone":137,"minecraft:oak_leaves":82,"minecraft:deepslate":79,"minecraft:fern":1},"minecraft:broken":{"minecraft:stone_pickaxe":1,"minecraft:stone_axe":3,"minecraft:stone_shovel":3}},"DataVersion":3578}