{"stats":{"minecraft:custom":{"minecraft:interact_with_furnace":17,"minecraft:mob_kills":16,"minecraft:interact_with_crafting_table":18,"minecraft:leave_game":2,"minecraft:time_since_death":121567,"minecraft:sleep_in_bed":4,"minecraft:climb_one_cm":5192,"minecraft:time_since_rest":12442,"minecraft:sprint_one_cm":466705,"minecraft:damage_taken":2060,"minecraft:walk_one_cm":394745,"minecraft:drop":11,"minecraft:damage_dealt":1743,"minecraft:swim_one_cm":123200,"minecraft:fly_one_cm":159674,"minecraft:open_chest":8,"minecraft:crouch_one_cm":574,"minecraft:play_time":171361,"minecraft:deaths":4,"minecraft:sneak_time":358,"minecraft:walk_under_water_one_cm":38176,"minecraft:jump":1498,"minecraft:walk_on_water_one_cm":82214,"minecraft:total_world_time":171361,"minecraft:fall_one_cm":23437},"minecraft:broken":{"minecraft:stone_pickaxe":1,"minecraft:stone_axe":2},"minecraft:killed_by":{"minecraft:creeper":1,"minecraft:spider":2},"minecraft:dropped":{"minecraft:wheat_seeds":9,"minecraft:clock":1,"minecraft:acacia_log":1,"minecraft:stick":3,"minecraft:oak_sapling":9,"minecraft:bamboo":13,"minecraft:sand":1,"minecraft:calcite":1,"minecraft:paper":2},"minecraft:used":{"minecraft:cooked_mutton":5,"minecraft:stone_sword":3,"minecraft:stone_pickaxe":179,"minecraft:oak_planks":117,"minecraft:oak_sign":3,"minecraft:chest":2,"minecraft:wooden_pickaxe":24,"minecraft:rotten_flesh":2,"minecraft:oak_door":1,"minecraft:torch":27,"minecraft:dirt":62,"minecraft:oak_slab":18,"minecraft:crafting_table":6,"minecraft:white_bed":4,"minecraft:oak_log":73,"minecraft:apple":6,"minecraft:oak_stairs":5,"minecraft:stone_axe":357,"minecraft:wooden_sword":76,"minecraft:cobblestone":17,"minecraft:beef":5,"minecraft:furnace":4,"minecraft:porkchop":6,"minecraft:cooked_porkchop":4,"minecraft:egg":1,"minecraft:cooked_beef":2},"minecraft:killed":{"minecraft:pig":5,"minecraft:sheep":6,"minecraft:zombie":1,"minecraft:cow":4},"minecraft:mined":{"minecraft:oak_slab":16,"minecraft:white_bed":3,"minecraft:crafting_table":4,"minecraft:glow_lichen":1,"minecraft:torch":13,"minecraft:acacia_log":1,"minecraft:grass_block":106,"minecraft:calcite":2,"minecraft:chest":1,"minecraft:tall_grass":24,"minecraft:copper_ore":6,"minecraft:oak_planks":35,"minecraft:seagrass":2,"minecraft:furnace":3,"minecraft:iron_ore":20,"minecraft:birch_leaves":1,"minecraft:pumpkin":13,"minecraft:grass":124,"minecraft:oak_log":291,"minecraft:coal_ore":57,"minecraft:cocoa":2,"minecraft:sand":1,"minecraft:dirt":1,"minecraft:smooth_basalt":2,"minecraft:stone":112,"minecraft:oak_leaves":24},"minecraft:crafted":{"minecraft:cooked_beef":4,"minecraft:wooden_sword":1,"minecraft:oak_door":3,"minecraft:oak_slab":12,"minecraft:oak_planks":292,"minecraft:oak_sign":3,"minecraft:cooked_porkchop":4,"minecraft:crafting_table":1,"minecraft:wooden_pickaxe":1,"minecraft:furnace":1,"minecraft:stone_axe":5,"minecraft:cooked_mutton":9,"minecraft:air":0,"minecraft:stick":16,"minecraft:iron_ingot":20,"minecraft:stone_pickaxe":3,"minecraft:oak_stairs":8,"minecraft:stone_sword":1,"minecraft:chest":1,"minecraft:white_bed":1,"minecraft:torch":28},"minecraft:picked_up":{"minecraft:crafting_table":5,"minecraft:clock":2,"minecraft:leather":9,"minecraft:potato":4,"minecraft:oak_log":296,"minecraft:golden_sword":1,"minecraft:dirt":143,"minecraft:raw_copper":54,"minecraft:wooden_sword":4,"minecraft:coast_armor_trim_smithing_template":2,"minecraft:oak_sign":2,"minecraft:apple":6,"minecraft:wheat_seeds":24,"minecraft:beef":10,"minecraft:stone_pickaxe":3,"minecraft:calcite":1,"minecraft:bamboo":13,"minecraft:chest":1,"minecraft:oak_planks":182,"minecraft:egg":1,"minecraft:furnace":3,"minecraft:oak_slab":16,"minecraft:stick":20,"minecraft:raw_iron":20,"minecraft:pumpkin":26,"minecraft:torch":30,"minecraft:acacia_log":4,"minecraft:porkchop":10,"minecraft:sand":1,"minecraft:white_bed":3,"minecraft:carrot":12,"minecraft:rotten_flesh":6,"minecraft:stone_axe":6,"minecraft:oak_sapling":12,"minecraft:mutton":9,"minecraft:coal":61,"minecraft:white_wool":9,"minecraft:cobblestone":277}},"DataVersion":3578}