{"stats":{"minecraft:mined":{"minecraft:tuff":2,"minecraft:white_bed":3,"minecraft:deepslate_diamond_ore":10,"minecraft:granite":4,"minecraft:acacia_log":18,"minecraft:grass_block":164,"minecraft:spawner":1,"minecraft:tall_seagrass":6,"minecraft:furnace":1,"minecraft:iron_ore":43,"minecraft:andesite":35,"minecraft:peony":1,"minecraft:deepslate_iron_ore":22,"minecraft:dirt_path":2,"minecraft:rail":63,"minecraft:bamboo":11,"minecraft:stone":523,"minecraft:deepslate_redstone_ore":21,"minecraft:dandelion":1,"minecraft:crafting_table":8,"minecraft:melon":11,"minecraft:mushroom_stem":4,"minecraft:tall_grass":10,"minecraft:copper_ore":40,"minecraft:cobblestone":57,"minecraft:lapis_ore":4,"minecraft:deepslate_gold_ore":2,"minecraft:sugar_cane":8,"minecraft:oak_planks":1,"minecraft:diorite":9,"minecraft:wall_torch":1,"minecraft:seagrass":2,"minecraft:birch_log":17,"minecraft:birch_leaves":2,"minecraft:grass":36,"minecraft:oak_log":120,"minecraft:coal_ore":85,"minecraft:cocoa":3,"minecraft:gravel":2,"minecraft:dirt":139,"minecraft:cobweb":36,"minecraft:gold_ore":8,"minecraft:oak_leaves":45,"minecraft:deepslate":517,"minecraft:fern":4},"minecraft:killed_by":{"minecraft:skeleton":4,"minecraft:zombie":4},"minecraft:custom":{"minecraft:mob_kills":44,"minecraft:interact_with_crafting_table":54,"minecraft:leave_game":8,"minecraft:time_since_death":29447,"minecraft:climb_one_cm":3819,"minecraft:sprint_one_cm":359110,"minecraft:walk_one_cm":758124,"minecraft:drop":24,"minecraft:play_time":249742,"minecraft:sneak_time":2088,"minecraft:deaths":10,"minecraft:walk_under_water_one_cm":87243,"minecraft:boat_one_cm":10768,"minecraft:jump":3891,"minecraft:walk_on_water_one_cm":121718,"minecraft:total_world_time":249742,"minecraft:interact_with_furnace":46,"minecraft:sleep_in_bed":8,"minecraft:time_since_rest":2892,"minecraft:damage_taken":4702,"minecraft:damage_dealt":6082,"minecraft:swim_one_cm":737,"minecraft:fly_one_cm":387581,"minecraft:open_chest":17,"minecraft:crouch_one_cm":5257,"minecraft:fall_one_cm":102630},"minecraft:picked_up":{"minecraft:cocoa_beans":10,"minecraft:crafting_table":12,"minecraft:iron_chestplate":2,"minecraft:chicken":9,"minecraft:chest_minecart":2,"minecraft:wooden_pickaxe":2,"minecraft:string":43,"minecraft:raw_copper":135,"minecraft:iron_leggings":1,"minecraft:cobbled_deepslate":543,"minecraft:beef":19,"minecraft:iron_pickaxe":4,"minecraft:melon_slice":105,"minecraft:sugar_cane":17,"minecraft:birch_sapling":3,"minecraft:furnace":2,"minecraft:egg":7,"minecraft:iron_boots":1,"minecraft:stick":54,"minecraft:raw_iron":64,"minecraft:oak_door":2,"minecraft:copper_ingot":6,"minecraft:torch":67,"minecraft:acacia_log":18,"minecraft:porkchop":12,"minecraft:diorite":7,"minecraft:redstone":98,"minecraft:stone_sword":3,"minecraft:rotten_flesh":21,"minecraft:arrow":8,"minecraft:stone_shovel":4,"minecraft:mutton":8,"minecraft:rail":90,"minecraft:white_wool":9,"minecraft:cobblestone":982,"minecraft:birch_log":17,"minecraft:feather":12,"minecraft:cooked_beef":1,"minecraft:water_bucket":1,"minecraft:andesite":53,"minecraft:salmon":11,"minecraft:brown_wool":2,"minecraft:leather":9,"minecraft:tuff":2,"minecraft:oak_log":202,"minecraft:cobblestone_stairs":3,"minecraft:lapis_lazuli":70,"minecraft:dirt":307,"minecraft:cooked_mutton":2,"minecraft:bone":10,"minecraft:acacia_planks":41,"minecraft:apple":3,"minecraft:wheat_seeds":24,"minecraft:raw_gold":10,"minecraft:stone_pickaxe":5,"minecraft:iron_ingot":15,"minecraft:bamboo":303,"minecraft:iron_sword":2,"minecraft:oak_planks":10,"minecraft:cooked_porkchop":3,"minecraft:dandelion":1,"minecraft:gravel":2,"minecraft:white_bed":4,"minecraft:spider_eye":2,"minecraft:diamond":15,"minecraft:stone_axe":6,"minecraft:iron_helmet":1,"minecraft:granite":6,"minecraft:oak_sapling":20,"minecraft:black_wool":2,"minecraft:coal":121},"minecraft:broken":{"minecraft:stone_pickaxe":4,"minecraft:stone_axe":1,"minecraft:iron_sword":1,"minecraft:iron_pickaxe":2,"minecraft:stone_shovel":2},"minecraft:used":{"minecraft:stone_sword":120,"minecraft:stone_shovel":244,"minecraft:chest":4,"minecraft:iron_sword":217,"minecraft:stone_hoe":32,"minecraft:oak_door":1,"minecraft:torch":145,"minecraft:dirt":27,"minecraft:granite":4,"minecraft:wooden_axe":1,"minecraft:melon_seeds":7,"minecraft:beef":3,"minecraft:furnace":3,"minecraft:cooked_beef":9,"minecraft:cooked_mutton":6,"minecraft:water_bucket":6,"minecraft:diorite":1,"minecraft:cobblestone_stairs":1,"minecraft:stone_pickaxe":654,"minecraft:oak_planks":1,"minecraft:wooden_pickaxe":52,"minecraft:salmon":3,"minecraft:crafting_table":14,"minecraft:white_bed":4,"minecraft:apple":2,"minecraft:chicken":3,"minecraft:bread":3,"minecraft:melon_slice":30,"minecraft:iron_pickaxe":773,"minecraft:deepslate":2,"minecraft:stone_axe":209,"minecraft:diamond_sword":60,"minecraft:cobblestone":193,"minecraft:cooked_porkchop":3,"minecraft:andesite":31,"minecraft:bucket":7},"minecraft:killed":{"minecraft:cave_spider":1,"minecraft:spider":2,"minecraft:skeleton":6,"minecraft:chicken":5,"minecraft:pig":4,"minecraft:salmon":3,"minecraft:sheep":5,"minecraft:zombie":13,"minecraft:cow":5},"minecraft:dropped":{"minecraft:wheat_seeds":1,"minecraft:cobblestone":2,"minecraft:leather":1,"minecraft:chest_minecart":1,"minecraft:dirt":14,"minecraft:diorite":1,"minecraft:iron_pickaxe":1,"minecraft:gravel":1,"minecraft:stone_axe":1,"minecraft:tuff":2,"minecraft:rotten_flesh":8,"minecraft:beetroot_seeds":2,"minecraft:andesite":2,"minecraft:wooden_pickaxe":1},"minecraft:crafted":{"minecraft:oak_door":3,"minecraft:oak_planks":88,"minecraft:stone_shovel":3,"minecraft:furnace":2,"minecraft:cobblestone_stairs":4,"minecraft:cooked_mutton":6,"minecraft:iron_boots":1,"minecraft:melon_seeds":7,"minecraft:stone_pickaxe":8,"minecraft:chest":4,"minecraft:stone_hoe":1,"minecraft:cooked_beef":9,"minecraft:deepslate":2,"minecraft:diamond_sword":1,"minecraft:crafting_table":7,"minecraft:wooden_pickaxe":3,"minecraft:iron_helmet":1,"minecraft:iron_sword":1,"minecraft:copper_ingot":39,"minecraft:bucket":1,"minecraft:stone_axe":3,"minecraft:air":0,"rechiseled:chisel":1,"minecraft:iron_chestplate":1,"minecraft:stick":116,"minecraft:iron_ingot":59,"minecraft:iron_pickaxe":4,"minecraft:wooden_axe":1,"minecraft:stone_sword":5,"minecraft:iron_leggings":1,"minecraft:white_bed":1,"minecraft:acacia_planks":72,"minecraft:torch":148}},"DataVersion":3578}