{"stats":{"minecraft:crafted":{"minecraft:oak_door":3,"minecraft:oak_planks":36,"minecraft:stone_shovel":3,"minecraft:crafting_table":5,"minecraft:wooden_pickaxe":3,"minecraft:furnace":1,"minecraft:cobblestone_stairs":4,"minecraft:stone_axe":3,"minecraft:cooked_mutton":5,"minecraft:stick":56,"minecraft:stone_pickaxe":5,"minecraft:wooden_axe":1,"minecraft:stone_sword":5,"minecraft:chest":2,"minecraft:white_bed":1,"minecraft:acacia_planks":72,"minecraft:torch":40},"minecraft:custom":{"minecraft:interact_with_furnace":10,"minecraft:mob_kills":17,"minecraft:interact_with_crafting_table":22,"minecraft:leave_game":1,"minecraft:time_since_death":52173,"minecraft:sleep_in_bed":6,"minecraft:climb_one_cm":3819,"minecraft:time_since_rest":1031,"minecraft:sprint_one_cm":225167,"minecraft:damage_taken":2840,"minecraft:walk_one_cm":384537,"minecraft:drop":1,"minecraft:damage_dealt":1403,"minecraft:fly_one_cm":311355,"minecraft:open_chest":2,"minecraft:crouch_one_cm":5257,"minecraft:sneak_time":2088,"minecraft:play_time":137080,"minecraft:deaths":8,"minecraft:walk_under_water_one_cm":85192,"minecraft:boat_one_cm":10768,"minecraft:jump":2307,"minecraft:walk_on_water_one_cm":106217,"minecraft:total_world_time":137080,"minecraft:fall_one_cm":65319},"minecraft:used":{"minecraft:cooked_mutton":5,"minecraft:diorite":1,"minecraft:stone_sword":120,"minecraft:cobblestone_stairs":1,"minecraft:stone_shovel":241,"minecraft:stone_pickaxe":380,"minecraft:chest":2,"minecraft:wooden_pickaxe":52,"minecraft:oak_door":1,"minecraft:salmon":3,"minecraft:torch":19,"minecraft:dirt":8,"minecraft:crafting_table":12,"minecraft:white_bed":4,"minecraft:wooden_axe":1,"minecraft:chicken":1,"minecraft:melon_slice":20,"minecraft:stone_axe":209,"minecraft:cobblestone":167,"minecraft:furnace":2,"minecraft:cooked_porkchop":3,"minecraft:andesite":26},"minecraft:mined":{"minecraft:white_bed":3,"minecraft:dandelion":1,"minecraft:crafting_table":8,"minecraft:acacia_log":18,"minecraft:grass_block":157,"minecraft:melon":11,"minecraft:mushroom_stem":4,"minecraft:cobblestone":50,"minecraft:tall_grass":10,"minecraft:copper_ore":10,"minecraft:sugar_cane":8,"minecraft:diorite":1,"minecraft:seagrass":2,"minecraft:tall_seagrass":6,"minecraft:furnace":1,"minecraft:birch_log":17,"minecraft:iron_ore":2,"minecraft:birch_leaves":1,"minecraft:andesite":29,"minecraft:peony":1,"minecraft:dirt_path":1,"minecraft:grass":36,"minecraft:oak_log":120,"minecraft:coal_ore":59,"minecraft:cocoa":3,"minecraft:deepslate_iron_ore":3,"minecraft:gravel":2,"minecraft:dirt":117,"minecraft:bamboo":11,"minecraft:stone":258,"minecraft:oak_leaves":40,"minecraft:fern":4},"minecraft:dropped":{"minecraft:gravel":1},"minecraft:killed":{"minecraft:pig":4,"minecraft:salmon":3,"minecraft:sheep":4,"minecraft:skeleton":1,"minecraft:chicken":3,"minecraft:cow":2},"minecraft:killed_by":{"minecraft:skeleton":4,"minecraft:zombie":2},"minecraft:broken":{"minecraft:stone_pickaxe":2,"minecraft:stone_axe":1,"minecraft:stone_shovel":2},"minecraft:picked_up":{"minecraft:birch_log":17,"minecraft:cocoa_beans":10,"minecraft:crafting_table":12,"minecraft:feather":6,"minecraft:chicken":5,"minecraft:andesite":46,"minecraft:salmon":11,"minecraft:leather":6,"minecraft:brown_wool":2,"minecraft:wooden_pickaxe":1,"minecraft:oak_log":119,"minecraft:dirt":272,"minecraft:raw_copper":36,"minecraft:cooked_mutton":2,"minecraft:bone":1,"minecraft:acacia_planks":41,"minecraft:apple":2,"minecraft:wheat_seeds":22,"minecraft:beef":12,"minecraft:stone_pickaxe":3,"minecraft:bamboo":303,"minecraft:melon_slice":91,"minecraft:sugar_cane":13,"minecraft:birch_sapling":3,"minecraft:furnace":2,"minecraft:egg":2,"minecraft:raw_iron":5,"minecraft:stick":19,"minecraft:cooked_porkchop":3,"minecraft:dandelion":1,"minecraft:torch":17,"minecraft:acacia_log":18,"minecraft:gravel":2,"minecraft:porkchop":12,"minecraft:diorite":1,"minecraft:white_bed":4,"minecraft:rotten_flesh":3,"minecraft:stone_sword":2,"minecraft:stone_shovel":2,"minecraft:stone_axe":4,"minecraft:oak_sapling":13,"minecraft:black_wool":2,"minecraft:mutton":7,"minecraft:coal":95,"minecraft:white_wool":9,"minecraft:cobblestone":494}},"DataVersion":3578}