{"stats":{"minecraft:crafted":{"minecraft:oak_planks":16,"minecraft:crafting_table":4,"minecraft:wooden_pickaxe":2,"minecraft:acacia_trapdoor":2,"minecraft:oak_boat":1,"minecraft:ladder":18,"minecraft:stick":52,"minecraft:wooden_axe":2,"minecraft:chest":1,"minecraft:acacia_door":3,"minecraft:white_bed":1,"minecraft:acacia_planks":72,"minecraft:torch":20},"minecraft:custom":{"minecraft:mob_kills":8,"minecraft:interact_with_crafting_table":10,"minecraft:leave_game":3,"minecraft:time_since_death":6846,"minecraft:sleep_in_bed":1,"minecraft:climb_one_cm":5937,"minecraft:time_since_rest":6883,"minecraft:sprint_one_cm":79103,"minecraft:damage_taken":1115,"minecraft:walk_one_cm":135963,"minecraft:drop":2,"minecraft:damage_dealt":964,"minecraft:fly_one_cm":106140,"minecraft:crouch_one_cm":45,"minecraft:play_time":51942,"minecraft:deaths":4,"minecraft:sneak_time":100,"minecraft:walk_under_water_one_cm":1962,"minecraft:boat_one_cm":61922,"minecraft:jump":498,"minecraft:walk_on_water_one_cm":3828,"minecraft:total_world_time":51942,"minecraft:fall_one_cm":12898},"minecraft:used":{"minecraft:iron_shovel":63,"minecraft:acacia_trapdoor":1,"minecraft:ladder":18,"minecraft:wooden_pickaxe":44,"minecraft:torch":3,"minecraft:dirt":43,"minecraft:crafting_table":6,"minecraft:white_bed":1,"minecraft:wooden_axe":57,"minecraft:acacia_door":1,"minecraft:oak_boat":2},"minecraft:dropped":{"minecraft:wooden_axe":1,"minecraft:iron_shovel":1},"minecraft:mined":{"minecraft:acacia_leaves":2,"minecraft:white_bed":1,"minecraft:crafting_table":4,"minecraft:granite":5,"minecraft:acacia_log":18,"minecraft:grass_block":45,"minecraft:tall_grass":16,"minecraft:seagrass":1,"minecraft:grass":94,"minecraft:oak_log":4,"minecraft:coal_ore":21,"minecraft:sand":17,"minecraft:dirt":9,"minecraft:stone":18,"minecraft:oak_leaves":4},"minecraft:killed":{"minecraft:sheep":3,"minecraft:zombie":2,"minecraft:cow":2},"minecraft:broken":{"minecraft:wooden_axe":1},"minecraft:killed_by":{"minecraft:skeleton":1,"minecraft:creeper":1,"minecraft:zombie":2},"minecraft:picked_up":{"minecraft:wooden_axe":5,"minecraft:crafting_table":6,"minecraft:leather":10,"minecraft:oak_log":4,"minecraft:dirt":59,"minecraft:acacia_door":2,"minecraft:iron_shovel":5,"minecraft:bone":6,"minecraft:acacia_planks":70,"minecraft:wheat_seeds":28,"minecraft:acacia_trapdoor":1,"minecraft:beef":8,"minecraft:oak_boat":3,"minecraft:chest":1,"minecraft:oak_planks":24,"minecraft:acacia_sapling":14,"minecraft:furnace":3,"minecraft:stick":34,"minecraft:torch":17,"minecraft:acacia_log":18,"minecraft:gravel":3,"minecraft:sand":16,"minecraft:white_bed":1,"minecraft:rotten_flesh":5,"minecraft:granite":10,"minecraft:mutton":8,"minecraft:coal":37,"minecraft:white_wool":3,"minecraft:cobblestone":36}},"DataVersion":3578}