{"stats":{"minecraft:custom":{"minecraft:mob_kills":22,"minecraft:interact_with_crafting_table":31,"minecraft:leave_game":3,"minecraft:time_since_death":8801,"minecraft:climb_one_cm":5365,"minecraft:sprint_one_cm":272735,"minecraft:walk_one_cm":525275,"minecraft:damage_blocked_by_shield":20,"minecraft:drop":19,"minecraft:play_time":177664,"minecraft:deaths":3,"minecraft:sneak_time":1348,"minecraft:walk_under_water_one_cm":3555,"minecraft:boat_one_cm":161258,"minecraft:jump":2604,"minecraft:walk_on_water_one_cm":46961,"minecraft:total_world_time":177664,"minecraft:interact_with_furnace":28,"minecraft:sleep_in_bed":5,"minecraft:time_since_rest":8837,"minecraft:damage_taken":1972,"minecraft:damage_dealt":2788,"minecraft:swim_one_cm":5610,"minecraft:fly_one_cm":441678,"minecraft:open_chest":8,"minecraft:crouch_one_cm":1797,"minecraft:fall_one_cm":61495},"minecraft:broken":{"minecraft:wooden_pickaxe":1,"minecraft:stone_pickaxe":1},"minecraft:killed_by":{"minecraft:skeleton":1,"minecraft:zombie":2},"minecraft:dropped":{"minecraft:wheat_seeds":3,"minecraft:cobblestone":6,"minecraft:stick":1,"minecraft:dirt":15,"minecraft:wooden_sword":2,"minecraft:white_wool":3,"minecraft:dandelion":1,"minecraft:bone":1,"minecraft:pointed_dripstone":1,"minecraft:stone_shovel":1,"minecraft:rotten_flesh":3,"minecraft:cobblestone_slab":2,"minecraft:andesite":3,"minecraft:oak_sapling":1,"minecraft:acacia_sapling":3,"minecraft:chest":1},"minecraft:used":{"minecraft:oak_fence":52,"minecraft:stone_sword":38,"minecraft:iron_shovel":203,"minecraft:stone_shovel":65,"minecraft:oak_sign":4,"minecraft:chest":3,"minecraft:shield":1,"minecraft:iron_sword":55,"minecraft:oak_door":2,"minecraft:torch":87,"minecraft:dirt":260,"minecraft:iron_axe":92,"minecraft:furnace":3,"minecraft:cooked_beef":7,"minecraft:acacia_planks":76,"minecraft:cooked_mutton":13,"minecraft:cobblestone_stairs":4,"minecraft:stone_pickaxe":224,"minecraft:oak_planks":79,"minecraft:wooden_pickaxe":59,"minecraft:cobblestone_slab":76,"minecraft:crafting_table":5,"minecraft:white_bed":4,"minecraft:apple":1,"minecraft:iron_pickaxe":129,"minecraft:stone_axe":100,"minecraft:wooden_sword":2,"minecraft:cobblestone":40,"minecraft:oak_boat":2},"minecraft:killed":{"minecraft:spider":1,"minecraft:skeleton":2,"minecraft:chicken":1,"minecraft:sheep":9,"minecraft:zombie":4,"minecraft:cow":4},"minecraft:mined":{"minecraft:white_bed":3,"minecraft:mangrove_roots":25,"minecraft:glow_lichen":1,"minecraft:acacia_log":62,"minecraft:grass_block":164,"minecraft:furnace":1,"minecraft:iron_ore":10,"minecraft:andesite":21,"minecraft:pumpkin":6,"minecraft:pointed_dripstone":1,"minecraft:oak_sign":1,"minecraft:bamboo":13,"minecraft:stone":282,"minecraft:acacia_leaves":52,"minecraft:dandelion":3,"minecraft:crafting_table":2,"minecraft:torch":2,"minecraft:chest":1,"minecraft:tall_grass":1,"minecraft:copper_ore":13,"minecraft:cobblestone":2,"minecraft:sugar_cane":3,"minecraft:oak_planks":10,"minecraft:wall_torch":4,"minecraft:grass":82,"minecraft:oak_log":60,"minecraft:coal_ore":80,"minecraft:sand":39,"minecraft:dirt":89,"minecraft:acacia_planks":3,"minecraft:oak_leaves":14,"minecraft:fern":1},"minecraft:crafted":{"minecraft:wooden_sword":1,"minecraft:oak_door":3,"minecraft:oak_planks":248,"minecraft:cobblestone_slab":76,"minecraft:stone_shovel":1,"minecraft:oak_sign":6,"minecraft:cooked_chicken":1,"minecraft:furnace":2,"minecraft:cobblestone_stairs":4,"minecraft:cooked_mutton":13,"minecraft:iron_axe":1,"minecraft:stone_pickaxe":2,"minecraft:chest":3,"minecraft:oak_fence":51,"minecraft:cooked_beef":7,"minecraft:crafting_table":3,"minecraft:wooden_pickaxe":1,"minecraft:iron_sword":1,"minecraft:stone_axe":1,"minecraft:air":0,"minecraft:oak_boat":2,"minecraft:shield":1,"minecraft:stick":60,"minecraft:iron_ingot":10,"minecraft:iron_pickaxe":1,"minecraft:stone_sword":1,"minecraft:iron_shovel":1,"minecraft:white_bed":1,"minecraft:acacia_planks":136,"minecraft:torch":80},"minecraft:picked_up":{"minecraft:crafting_table":2,"minecraft:chicken":2,"minecraft:shield":1,"minecraft:string":1,"minecraft:raw_copper":104,"minecraft:iron_axe":1,"minecraft:wooden_sword":3,"minecraft:flint_and_steel":1,"minecraft:iron_shovel":1,"minecraft:oak_sign":2,"minecraft:beef":7,"minecraft:cobblestone_slab":3,"minecraft:iron_pickaxe":1,"minecraft:sugar_cane":8,"minecraft:chest":1,"minecraft:furnace":1,"minecraft:golden_helmet":1,"minecraft:raw_iron":10,"minecraft:stick":25,"minecraft:oak_door":1,"minecraft:oak_fence":4,"minecraft:torch":32,"minecraft:acacia_log":97,"minecraft:pointed_dripstone":2,"minecraft:stone_sword":3,"minecraft:rotten_flesh":11,"minecraft:stone_shovel":2,"minecraft:mangrove_roots":50,"minecraft:mutton":13,"minecraft:white_wool":10,"minecraft:cobblestone":313,"minecraft:feather":2,"minecraft:cooked_beef":3,"minecraft:andesite":3,"minecraft:leather":3,"minecraft:flint":5,"minecraft:oak_log":62,"minecraft:dirt":317,"minecraft:bone":3,"minecraft:acacia_planks":49,"minecraft:apple":1,"minecraft:wheat_seeds":13,"minecraft:stone_pickaxe":3,"minecraft:bamboo":124,"minecraft:acacia_sapling":4,"minecraft:oak_planks":42,"minecraft:iron_sword":1,"minecraft:pumpkin":12,"minecraft:dandelion":4,"minecraft:sand":78,"minecraft:white_bed":3,"minecraft:spider_eye":1,"minecraft:stone_axe":3,"minecraft:oak_sapling":12,"minecraft:black_wool":2,"minecraft:coal":106}},"DataVersion":3578}