{
  "minecraft:recipes/decorations/crafting_table": {
    "criteria": {
      "unlock_right_away": "2024-06-09 18:50:48 +0000"
    },
    "done": true
  },
  "minecraft:adventure/adventuring_time": {
    "criteria": {
      "minecraft:old_growth_birch_forest": "2024-06-10 07:57:25 +0000",
      "minecraft:forest": "2024-06-10 07:50:51 +0000",
      "minecraft:sparse_jungle": "2024-06-10 07:50:57 +0000",
      "minecraft:jungle": "2024-06-10 07:51:06 +0000",
      "minecraft:river": "2024-06-09 19:03:55 +0000",
      "minecraft:savanna": "2024-06-09 18:54:45 +0000",
      "minecraft:bamboo_jungle": "2024-06-10 07:56:38 +0000",
      "minecraft:plains": "2024-06-09 18:50:50 +0000"
    },
    "done": false
  },
  "minecraft:recipes/misc/charcoal": {
    "criteria": {
      "has_log": "2024-06-09 18:54:53 +0000"
    },
    "done": true
  },
  "minecraft:recipes/building_blocks/oak_planks": {
    "criteria": {
      "has_logs": "2024-06-09 18:54:53 +0000"
    },
    "done": true
  },
  "minecraft:recipes/building_blocks/oak_wood": {
    "criteria": {
      "has_log": "2024-06-09 18:54:53 +0000"
    },
    "done": true
  },
  "minecraft:adventure/sleep_in_bed": {
    "criteria": {
      "slept_in_bed": "2024-06-10 07:59:31 +0000"
    },
    "done": true
  },
  "DataVersion": 3578
}